<?xml version="1.0" encoding="UTF-8" standalone="no"?>
<profiles>
    <version>1</version>
    <profile name="Administrator">
        <description>This profile will have all the permissions.</description>
        <profile-type>1</profile-type>
        <profile-level-permissions>CHAT</profile-level-permissions>
        <profile-status>Active</profile-status>
    </profile>
    <profile name="User">
        <description>This profile only have add and view permission.</description>
        <profile-type>1</profile-type>
        <profile-level-permissions>CUSTOM_PROFILE</profile-level-permissions>
        <profile-status>Active</profile-status>
    </profile>
</profiles>
