<?xml version="1.0" encoding="UTF-8" standalone="no"?>
<roles>
    <role name="CEO">
        <reports-to/>
        <share-data-with-peers>false</share-data-with-peers>
        <description>User belonging to this role can access data of all other users.</description>
    </role>
    <role name="Manager">
        <reports-to>CEO</reports-to>
        <share-data-with-peers>false</share-data-with-peers>
        <description>Users belonging to this role cannot see admin role users data.</description>
    </role>
    <role name="Employee">
        <reports-to>Manager</reports-to>
        <share-data-with-peers>false</share-data-with-peers>
        <description>Reports to Manager</description>
    </role>
</roles>
