<?xml version="1.0" encoding="UTF-8" standalone="no"?>
<backup>
    <application-name>MapMe</application-name>
    <application-link-name>mapme</application-link-name>
    <application-id>1581254000005238014</application-id>
    <scope-id>673051416</scope-id>
    <dc>US</dc>
    <creator-version>C4</creator-version>
    <code-version>3.0</code-version>
    <backup-version>3</backup-version>
    <backup-time>2021-01-30T08:20:27.121-08:00[America/Los_Angeles]</backup-time>
    <app-time-zone>Europe/Kiev</app-time-zone>
    <records-count>0</records-count>
</backup>
