"Record_Status","Time","ID","Added_User","Modified_User","Added_Time","Date_field","Modified_Time"
"0","10:50:00","1581254000005246035","Z:i.vatsenko@gmail.com","Z:i.vatsenko@gmail.com","1608735215000","2020-12-24","1611321792000"
"0","23:00:30","1581254000005320003","Z:i.vatsenko@gmail.com","Z:i.vatsenko@gmail.com","1611266207000","2021-01-22","1611266207000"
"0","13:00:24","1581254000005322003","Z:i.vatsenko@gmail.com","Z:i.vatsenko@gmail.com","1611321695000","2021-01-18","1611321695000"
"0","18:30:00","1581254000005322007","Z:i.vatsenko@gmail.com","Z:i.vatsenko@gmail.com","1611321939000","2021-01-26","1611321939000"
"0","19:20:00","1581254000005333003","Z:i.vatsenko@gmail.com","Z:i.vatsenko@gmail.com","1611767750000","2021-01-28","1611767750000"
